TransactionID,CustomerID,ProductID,TimeID,StoreID,Revenue,UnitsSold,Discount
1,1081,2023,453,109,1141.86,8,0.04
2,1552,2018,576,109,4094.83,3,0.02
3,1601,2016,249,102,8731.0,9,0.05
4,1239,2004,103,114,9226.6,6,0.14
5,1103,2044,141,101,4764.24,9,0.2
6,1162,2027,669,116,7207.92,8,0.13
7,1295,2021,293,102,2667.94,2,0.13
8,1238,2035,39,106,5884.36,7,0.18
9,1181,2003,407,116,243.0,3,0.19
10,1297,2003,10,110,880.0,10,0.12
11,1344,2019,466,118,7740.85,9,0.1
12,1138,2033,480,109,1010.99,4,0.16
13,1339,2011,470,109,1113.24,3,0.0
14,1346,2019,582,107,2522.94,3,0.12
15,1655,2026,438,117,10373.5,6,0.02
16,1686,2007,190,105,1340.14,8,0.06
17,1255,2001,268,113,1820.0,4,0.09
18,1274,2022,310,119,2889.2,10,0.0
19,1670,2024,710,108,1676.7,1,0.13
20,1477,2020,164,113,12766.66,9,0.18
21,1319,2045,121,110,5430.74,6,0.12
22,1225,2009,490,105,6306.66,8,0.15
23,1621,2024,426,118,13105.23,8,0.15
24,1681,2014,254,120,683.24,2,0.11
25,1541,2046,371,103,11208.55,10,0.02
26,1561,2033,208,119,2626.77,9,0.03
27,1336,2034,453,104,3913.93,4,0.14
28,1501,2006,523,115,92.14,1,0.09
29,1526,2027,468,119,921.7,1,0.11
30,1689,2020,23,113,7265.58,5,0.16
31,1224,2038,75,102,7862.52,7,0.07
32,1066,2035,62,103,8119.19,8,0.01
33,1419,2012,139,114,8157.94,6,0.2
34,1392,2029,387,113,1886.07,2,0.14
35,1678,2035,137,112,1968.29,2,0.04
36,1551,2026,542,105,5857.14,4,0.17
37,1024,2020,475,118,10777.28,7,0.11
38,1236,2016,472,112,2879.7,3,0.06
39,1116,2003,677,114,850.0,10,0.15
40,1017,2016,212,103,1797.26,2,0.12
41,1458,2039,689,102,5578.41,4,0.15
42,1412,2029,240,118,3728.27,4,0.15
43,1058,2009,516,110,3116.23,4,0.16
44,1590,2021,592,120,8739.81,6,0.05
45,1147,2043,534,108,7675.64,7,0.06
46,1063,2036,606,106,10078.46,7,0.11
47,1049,2023,659,113,1257.83,9,0.06
48,1427,2027,153,110,6959.37,7,0.04
49,1551,2031,247,108,621.5,5,0.17
50,1148,2030,60,118,8327.19,7,0.19
51,1571,2034,138,113,4323.53,4,0.05
52,1339,2042,81,115,6304.83,6,0.02
53,1196,2004,275,113,15735.28,10,0.12
54,1075,2013,602,118,4567.64,4,0.1
55,1341,2020,16,107,5604.88,4,0.19
56,1121,2048,491,108,11764.28,10,0.14
57,1407,2016,566,111,4697.38,5,0.08
58,1547,2042,368,110,4985.96,5,0.07
59,1510,2030,101,116,7225.71,6,0.18
60,1380,2021,424,102,12726.39,10,0.17
61,1150,2002,268,118,2640.0,10,0.12
62,1428,2019,157,107,5447.26,6,0.05
63,1584,2016,512,118,5820.67,6,0.05
64,1501,2047,658,116,14864.59,8,0.03
65,1361,2011,144,118,2849.89,8,0.04
66,1556,2042,61,117,889.97,1,0.17
67,1077,2043,50,101,7920.6,7,0.03
68,1646,2015,70,105,200.04,1,0.04
69,1467,2024,62,120,15803.37,10,0.18
70,1676,2032,17,101,6435.07,9,0.11
71,1013,2002,543,109,2160.0,9,0.2
72,1018,2033,715,114,884.62,3,0.02
73,1099,2034,153,108,4004.95,4,0.12
74,1259,2023,274,113,276.54,2,0.07
75,1416,2030,579,108,5522.09,4,0.06
76,1083,2042,666,102,1972.94,2,0.08
77,1387,2036,488,102,1391.25,1,0.14
78,1085,2032,445,111,6427.04,10,0.2
79,1098,2034,44,108,3731.89,4,0.18
80,1581,2031,278,102,257.59,2,0.14
81,1288,2035,578,102,2491.11,3,0.19
82,1323,2002,213,119,765.0,3,0.15
83,1408,2005,307,106,2723.27,10,0.05
84,1399,2044,554,111,3937.12,7,0.15
85,1144,2045,81,117,6109.59,6,0.01
86,1448,2015,78,111,1771.23,10,0.15
87,1610,2026,335,101,7409.64,5,0.16
88,1462,2032,234,112,5856.64,9,0.19
89,1443,2012,697,119,11659.05,7,0.02
90,1634,2019,253,103,1815.75,2,0.05
91,1390,2046,650,105,7525.74,7,0.06
92,1110,2006,6,110,753.3,8,0.07
93,1277,2007,136,103,486.51,3,0.09
94,1571,2036,525,114,3203.11,2,0.01
95,1363,2036,96,120,13588.93,10,0.16
96,1395,2001,299,114,2940.0,7,0.16
97,1573,2016,586,117,2634.62,3,0.14
98,1174,2009,276,110,4173.53,5,0.1
99,1065,2011,446,109,2441.71,7,0.06
100,1079,2024,258,108,13567.77,8,0.12
101,1201,2030,110,105,7343.2,5,0.0
102,1406,2022,636,113,1577.5,6,0.09
103,1441,2042,609,105,5039.57,5,0.06
104,1206,2031,322,106,849.14,7,0.19
105,1299,2048,712,116,11490.7,10,0.16
106,1334,2025,288,113,9043.97,6,0.02
107,1578,2013,607,118,3273.48,3,0.14
108,1564,2002,473,107,2016.0,8,0.16
109,1071,2027,690,116,2702.97,3,0.13
110,1248,2017,675,105,9520.54,7,0.16
111,1076,2029,613,116,10088.26,10,0.08
112,1519,2045,429,118,863.98,1,0.16
113,1369,2045,550,120,2015.96,2,0.02
114,1255,2043,681,112,3044.59,3,0.13
115,1046,2037,661,113,9069.59,6,0.19
116,1441,2007,11,104,855.41,5,0.04
117,1532,2036,595,119,5888.54,4,0.09
118,1401,2030,696,119,12821.23,9,0.03
119,1026,2031,108,110,859.62,7,0.18
120,1088,2008,146,112,7698.12,5,0.07
121,1212,2034,495,112,8920.12,8,0.02
122,1464,2021,69,110,1287.97,1,0.16
123,1118,2002,352,104,729.0,3,0.19
124,1250,2034,179,118,3174.38,3,0.07
125,1437,2030,238,113,4229.68,3,0.04
126,1674,2028,406,101,1218.11,10,0.18
127,1461,2038,440,113,1038.67,1,0.14
128,1211,2018,721,103,13649.44,10,0.02
129,1550,2012,375,111,6186.43,4,0.09
130,1269,2043,502,117,6159.17,6,0.12
131,1626,2026,602,104,9844.24,6,0.07
132,1469,2040,177,110,10456.34,10,0.12
133,1689,2009,321,104,3487.21,4,0.06
134,1188,2024,711,105,15957.55,9,0.08
135,1611,2009,589,113,6232.46,7,0.04
136,1651,2035,711,106,8949.56,9,0.03
137,1296,2009,192,111,6529.25,8,0.12
138,1368,2001,497,105,1680.0,4,0.16
139,1576,2033,669,116,1811.36,7,0.14
140,1426,2046,455,116,3362.57,3,0.02
141,1032,2049,226,110,1820.97,1,0.05
142,1551,2019,173,115,8123.11,10,0.15
143,1508,2036,524,104,15853.75,10,0.02
144,1557,2024,556,102,13721.95,8,0.11
145,1436,2007,670,108,739.57,5,0.17
146,1034,2029,270,112,1995.72,2,0.09
147,1121,2050,243,107,16218.74,10,0.14
148,1625,2041,439,106,18777.16,10,0.03
149,1212,2014,61,119,2049.71,6,0.11
150,1612,2035,173,111,4818.2,5,0.06
151,1274,2033,696,104,731.16,3,0.19
152,1422,2004,284,105,5096.08,3,0.05
153,1330,2016,693,113,7924.28,8,0.03
154,1648,2018,643,114,8872.14,7,0.09
155,1649,2050,96,113,14427.14,9,0.15
156,1378,2030,500,111,14686.4,10,0.0
157,1096,2047,470,112,3218.11,2,0.16
158,1408,2014,440,107,2917.18,8,0.05
159,1291,2022,561,119,771.42,3,0.11
160,1497,2022,699,102,283.14,1,0.02
161,1471,2002,128,106,2184.0,8,0.09
162,1439,2013,706,105,6153.63,5,0.03
163,1281,2006,671,112,496.12,5,0.02
164,1681,2042,170,102,6530.0,7,0.13
165,1240,2028,672,103,297.1,2,0.0
166,1489,2005,136,119,1031.98,4,0.1
167,1456,2001,9,111,800.0,2,0.2
168,1433,2045,136,116,1954.24,2,0.05
169,1092,2047,105,104,10688.71,6,0.07
170,1307,2009,392,105,2754.53,3,0.01
171,1577,2001,625,106,3720.0,8,0.07
172,1219,2041,156,114,16647.79,10,0.14
173,1223,2006,103,105,178.2,2,0.12
174,1394,2023,440,111,423.74,3,0.05
175,1661,2006,255,118,891.0,10,0.12
176,1623,2019,708,101,4587.17,5,0.04
177,1622,2033,194,113,1308.87,5,0.13
178,1246,2032,396,104,2892.17,4,0.1
179,1609,2005,541,101,1393.17,6,0.19
180,1136,2025,583,114,8213.4,6,0.11
181,1177,2049,483,103,1686.79,1,0.12
182,1015,2017,221,102,1311.5,1,0.19
183,1408,2033,294,117,1937.73,7,0.08
184,1412,2006,656,118,801.9,9,0.12
185,1285,2006,318,103,747.23,9,0.18
186,1160,2035,335,113,8918.81,10,0.13
187,1666,2044,659,103,2845.31,5,0.14
188,1245,2004,251,103,12266.37,7,0.02
189,1627,2039,57,110,4823.69,3,0.02
190,1141,2045,12,106,6665.0,8,0.19
191,1536,2034,266,106,6621.82,6,0.03
192,1276,2047,121,101,9654.32,6,0.16
193,1279,2034,66,109,9898.6,10,0.13
194,1509,2030,524,112,1321.78,1,0.1
195,1581,2011,377,106,1577.09,5,0.15
196,1588,2044,119,108,5955.3,9,0.0
197,1013,2016,48,116,5636.86,6,0.08
198,1154,2012,37,118,11421.11,7,0.04
199,1255,2027,328,109,1843.4,2,0.11
200,1123,2033,690,102,866.56,3,0.04
201,1529,2003,411,103,664.0,8,0.17
202,1319,2021,89,118,12266.4,8,0.0
203,1206,2019,578,110,9078.77,10,0.05
204,1378,2038,506,107,9239.36,9,0.15
205,1252,2010,7,114,848.93,1,0.05
206,1355,2041,711,101,11614.74,6,0.0
207,1674,2025,315,104,5475.6,4,0.11
208,1244,2027,504,102,2671.9,3,0.14
209,1096,2003,238,117,602.0,7,0.14
210,1382,2030,87,119,2643.55,2,0.1
211,1653,2026,77,119,17465.58,10,0.01
212,1679,2009,243,110,3848.92,5,0.17
213,1403,2045,335,111,7816.98,8,0.05
214,1077,2013,140,119,2461.45,2,0.03
215,1169,2029,478,111,7522.33,7,0.02
216,1367,2050,213,115,8580.85,5,0.09
217,1123,2006,162,110,1002.38,10,0.01
218,1336,2010,94,108,4932.73,6,0.08
219,1051,2044,307,109,1965.25,3,0.01
220,1415,2029,570,118,4298.48,4,0.02
221,1105,2009,125,101,769.78,1,0.17
222,1228,2009,203,113,4785.64,6,0.14
223,1661,2006,597,119,415.13,5,0.18
224,1077,2002,67,107,2016.0,8,0.16
225,1095,2022,126,102,2288.25,8,0.01
226,1588,2028,405,116,136.67,1,0.08
227,1437,2012,363,107,4843.77,3,0.05
228,1457,2010,36,120,7863.77,10,0.12
229,1663,2019,511,114,7740.85,9,0.1
230,1090,2018,393,105,9359.62,7,0.04
231,1539,2016,646,118,816.94,1,0.2
232,1368,2031,558,116,736.82,6,0.18
233,1515,2021,398,109,4553.9,3,0.01
234,1612,2015,31,109,175.04,1,0.16
235,1484,2034,367,119,3686.37,4,0.19
236,1103,2016,673,108,4544.21,5,0.11
237,1058,2049,225,119,12478.43,7,0.07
238,1178,2012,243,119,8565.83,6,0.16
239,1368,2038,29,112,10749.06,10,0.11
240,1577,2013,505,118,6090.19,5,0.04
241,1039,2006,58,108,972.0,10,0.04
242,1540,2031,1,111,1437.7,10,0.04
243,1134,2022,182,111,288.92,1,0.0
244,1601,2046,146,104,8543.66,9,0.17
245,1075,2024,722,113,18886.95,10,0.02
246,1310,2021,140,106,9015.8,7,0.16
247,1499,2042,325,106,8299.22,9,0.14
248,1629,2023,229,119,410.36,3,0.08
249,1302,2009,182,101,8532.54,10,0.08
250,1582,2003,187,120,492.0,6,0.18
251,1627,2015,655,119,337.58,2,0.19
252,1145,2022,80,108,1386.82,6,0.2
253,1172,2041,91,111,15486.32,8,0.0
254,1215,2016,710,103,5820.67,6,0.05
255,1111,2047,2,102,12201.99,7,0.09
256,1430,2011,424,116,2415.73,7,0.07
257,1385,2007,491,119,691.45,4,0.03
258,1076,2003,302,101,570.0,6,0.05
259,1108,2005,351,106,1946.42,7,0.03
260,1077,2036,96,111,12941.84,10,0.2
261,1495,2046,32,114,3019.45,3,0.12
262,1445,2011,55,104,2137.42,6,0.04
263,1195,2027,714,118,8854.55,9,0.05
264,1289,2020,244,104,1591.51,1,0.08
265,1563,2032,158,102,4820.28,6,0.0
266,1090,2019,678,120,7339.47,8,0.04
267,1027,2014,175,110,698.59,2,0.09
268,1119,2020,408,116,11348.14,8,0.18
269,1272,2006,658,118,680.4,7,0.04
270,1391,2024,192,115,1830.88,1,0.05
271,1477,2017,232,109,16029.49,10,0.01
272,1684,2007,88,112,1475.58,9,0.08
273,1604,2015,567,102,1225.27,7,0.16
274,1429,2035,704,116,8406.23,10,0.18
275,1488,2020,81,113,1556.91,1,0.1
276,1530,2037,694,120,5486.54,3,0.02
277,1460,2012,172,107,6594.33,4,0.03
278,1434,2006,700,114,324.0,4,0.2
279,1643,2010,610,109,4396.56,6,0.18
280,1069,2006,398,118,630.79,7,0.11
281,1283,2034,470,101,10012.38,10,0.12
282,1430,2008,425,105,4420.21,3,0.11
283,1597,2049,103,104,16101.2,10,0.16
284,1293,2035,353,114,4715.69,5,0.08
285,1498,2037,624,116,1810.18,1,0.03
286,1413,2010,634,120,6192.72,7,0.01
287,1340,2045,244,102,6747.29,8,0.18
288,1382,2002,346,110,1410.0,5,0.06
289,1504,2045,702,104,3990.77,4,0.03
290,1454,2050,329,109,11617.14,7,0.12
291,1092,2013,453,107,7549.3,7,0.15
292,1529,2024,58,117,5723.9,3,0.01
293,1519,2026,139,117,17465.58,10,0.01
294,1198,2013,60,108,1154.6,1,0.09
295,1370,2046,204,109,5764.4,6,0.16
296,1518,2026,651,104,1675.99,1,0.05
297,1501,2039,457,106,11550.6,8,0.12
298,1359,2023,168,109,279.52,2,0.06
299,1396,2004,167,119,5936.49,4,0.17
300,1663,2015,694,107,906.45,5,0.13
301,1526,2002,699,101,1968.0,8,0.18
302,1663,2012,616,101,6458.37,4,0.05
303,1313,2046,727,109,6565.01,7,0.18
304,1358,2030,259,107,11044.17,8,0.06
305,1534,2040,407,119,2376.44,2,0.0
306,1679,2024,575,120,18116.06,10,0.06
307,1111,2031,66,111,651.46,5,0.13
308,1284,2017,672,110,6282.26,4,0.03
309,1247,2004,615,113,9226.6,6,0.14
310,1027,2042,510,110,4396.23,5,0.18
311,1415,2025,37,119,12919.96,10,0.16
312,1352,2047,731,108,14998.68,9,0.13
313,1488,2043,368,117,4841.02,5,0.17
314,1674,2036,186,110,2944.27,2,0.09
315,1265,2047,573,106,9999.12,6,0.13
316,1228,2023,229,110,874.24,7,0.16
317,1340,2024,267,119,8768.94,5,0.09
318,1121,2031,55,119,1213.06,10,0.19
319,1073,2031,200,117,248.6,2,0.17
320,1391,2034,306,114,944.35,1,0.17
321,1155,2009,206,111,5193.72,7,0.2
322,1469,2010,324,106,1608.5,2,0.1
323,1647,2012,321,102,1546.61,1,0.09
324,1215,2049,173,119,5175.39,3,0.1
325,1091,2009,630,114,5972.78,7,0.08
326,1489,2025,5,102,13289.1,9,0.04
327,1383,2001,330,117,2000.0,4,0.0
328,1005,2041,255,108,10917.86,6,0.06
329,1106,2025,516,119,7459.74,5,0.03
330,1047,2020,298,115,13700.81,9,0.12
331,1346,2028,704,105,713.04,6,0.2
332,1502,2023,193,106,1040.76,7,0.0
333,1230,2047,135,107,1685.68,1,0.12
334,1174,2008,376,102,9502.63,7,0.18
335,1262,2050,548,120,1659.59,1,0.12
336,1050,2043,111,101,1003.2,1,0.14
337,1427,2029,390,104,9375.5,9,0.05
338,1157,2014,712,101,1765.66,5,0.08
339,1104,2043,533,109,10265.29,10,0.12
340,1141,2027,108,117,10149.08,10,0.02
341,1117,2007,510,107,1710.82,10,0.04
342,1270,2034,207,112,7486.53,7,0.06
343,1041,2036,509,107,12035.91,8,0.07
344,1003,2001,688,103,830.0,2,0.17
345,1686,2032,153,103,7085.81,9,0.02
346,1104,2017,660,108,10362.5,8,0.2
347,1304,2017,476,102,2720.16,2,0.16
348,1041,2019,369,111,5686.18,7,0.15
349,1098,2049,47,101,5002.87,3,0.13
350,1175,2022,367,115,2744.74,10,0.05
351,1096,2024,351,106,3546.12,2,0.08
352,1468,2018,395,116,8482.15,7,0.13
353,1171,2008,136,102,4867.2,3,0.02
354,1605,2031,583,115,395.37,3,0.12
355,1368,2040,30,105,7794.72,8,0.18
356,1116,2027,452,102,1967.68,2,0.05
357,1322,2001,722,117,4300.0,10,0.14
358,1230,2043,347,117,9028.79,9,0.14
359,1634,2007,444,108,1325.88,8,0.07
360,1693,2042,395,105,7913.21,9,0.18
361,1628,2004,12,106,13357.11,9,0.17
362,1508,2011,77,116,2115.16,6,0.05
363,1285,2004,520,108,14000.82,9,0.13
364,1413,2016,81,115,6862.26,8,0.16
365,1459,2006,511,115,595.35,6,0.02
366,1510,2048,670,101,2517.01,2,0.08
367,1037,2036,563,101,2717.79,2,0.16
368,1634,2041,312,117,16725.23,9,0.04
369,1688,2030,350,112,1233.66,1,0.16
370,1466,2022,574,120,2629.17,10,0.09
371,1673,2024,464,104,3276.31,2,0.15
372,1228,2001,350,112,2225.0,5,0.11
373,1383,2045,109,102,2777.08,3,0.1
374,1420,2007,261,120,684.33,4,0.04
375,1403,2014,469,107,2256.98,6,0.02
376,1425,2003,649,119,170.0,2,0.15
377,1462,2030,675,119,12821.23,9,0.03
378,1511,2001,544,102,3645.0,9,0.19
379,1600,2031,521,106,1452.67,10,0.03
380,1132,2007,397,120,1461.32,10,0.18
381,1517,2025,429,120,5844.74,4,0.05
382,1352,2019,464,105,2637.62,3,0.08
383,1525,2020,719,118,8926.28,6,0.14
384,1567,2041,223,107,6813.98,4,0.12
385,1298,2044,354,105,1786.59,3,0.1
386,1653,2021,728,104,8187.82,6,0.11
387,1597,2037,684,114,15787.8,9,0.06
388,1433,2001,536,104,460.0,1,0.08
389,1055,2043,58,107,4957.67,5,0.15
390,1165,2019,700,109,2379.59,3,0.17
391,1303,2014,555,102,1934.55,6,0.16
392,1105,2040,692,118,4039.95,4,0.15
393,1575,2025,244,117,6613.79,5,0.14
394,1049,2025,397,114,7475.12,6,0.19
395,1056,2001,258,107,4150.0,10,0.17
396,1454,2015,649,112,1854.58,10,0.11
397,1618,2013,199,110,9744.31,8,0.04
398,1700,2005,192,106,2528.34,9,0.02
399,1042,2028,286,118,720.47,5,0.03
400,1599,2017,6,111,11139.68,8,0.14
401,1159,2003,158,111,990.0,10,0.01
402,1641,2040,678,110,7984.84,8,0.16
403,1564,2023,75,111,1284.6,9,0.04
404,1189,2034,70,117,3140.25,3,0.08
405,1550,2026,95,112,5786.58,4,0.18
406,1680,2022,340,112,1386.82,5,0.04
407,1634,2034,487,118,1115.01,1,0.02
408,1355,2029,247,120,10417.23,10,0.05
409,1041,2044,329,113,1217.53,2,0.08
410,1554,2047,290,101,14481.48,9,0.16
411,1384,2033,521,115,2383.05,8,0.01
412,1668,2013,329,117,2055.44,2,0.19
413,1172,2050,551,118,1640.73,1,0.13
414,1216,2043,645,107,6777.42,7,0.17
415,1211,2035,720,114,1742.76,2,0.15
416,1158,2002,471,111,294.0,1,0.02
417,1056,2012,258,118,3025.23,2,0.11
418,1234,2017,418,113,11269.21,8,0.13
419,1444,2021,18,113,2729.27,2,0.11
420,1657,2047,634,103,18963.85,10,0.01
421,1075,2023,515,104,624.46,5,0.16
422,1309,2039,89,110,12075.63,8,0.08
423,1677,2002,486,106,2592.0,9,0.04
424,1401,2035,303,105,4408.14,5,0.14
425,1664,2024,12,118,16824.81,9,0.03
426,1043,2001,587,120,3115.0,7,0.11
427,1088,2020,216,112,6366.03,4,0.08
428,1662,2033,146,106,866.56,3,0.04
429,1259,2013,118,106,10530.96,10,0.17
430,1563,2030,661,118,2761.04,2,0.06
431,1069,2017,101,107,14572.26,10,0.1
432,1339,2023,132,108,279.52,2,0.06
433,1072,2013,326,116,9439.8,8,0.07
434,1676,2020,711,119,4618.83,3,0.11
435,1374,2021,439,106,1441.3,1,0.06
436,1227,2046,657,114,4746.48,5,0.17
437,1138,2044,340,116,4817.18,8,0.09
438,1313,2032,565,104,2096.82,3,0.13
439,1084,2018,144,118,5292.64,4,0.05
440,1642,2005,78,101,2244.55,9,0.13
441,1596,2038,415,119,3961.45,4,0.18
442,1565,2017,557,118,11269.21,8,0.13
443,1153,2024,402,108,16381.54,10,0.15
444,1298,2009,476,117,8180.11,9,0.02
445,1373,2033,11,108,2587.65,10,0.14
446,1527,2009,457,106,2476.29,3,0.11
447,1580,2043,150,116,6929.07,6,0.01
448,1500,2015,65,109,1187.77,6,0.05
449,1685,2014,531,112,2445.06,7,0.09
450,1466,2003,41,111,172.0,2,0.14
451,1534,2041,281,109,17228.53,10,0.11
452,1179,2025,670,113,8121.12,6,0.12
453,1080,2034,258,113,4095.97,4,0.1
454,1362,2023,499,116,1486.8,10,0.0
455,1143,2029,170,108,1973.79,2,0.1
456,1288,2014,154,106,1070.91,3,0.07
457,1122,2043,236,114,6019.19,6,0.14
458,1494,2044,491,116,2329.18,4,0.12
459,1663,2027,23,108,1004.55,1,0.03
460,1607,2011,138,117,304.29,1,0.18
461,1151,2004,171,109,4827.87,3,0.1
462,1416,2039,578,101,6644.88,5,0.19
463,1222,2029,622,116,8509.23,8,0.03
464,1421,2039,147,119,4331.47,3,0.12
465,1524,2017,172,111,11398.75,8,0.12
466,1071,2015,388,113,612.64,3,0.02
467,1208,2034,517,114,3003.71,3,0.12
468,1182,2031,630,120,122.8,1,0.18
469,1545,2033,121,103,2094.19,8,0.13
470,1618,2035,2,114,8488.24,9,0.08
471,1045,2045,543,114,3332.5,4,0.19
472,1494,2050,391,112,15841.56,10,0.16
473,1590,2007,436,105,801.95,5,0.1
474,1239,2006,291,120,838.35,9,0.08
475,1194,2001,727,101,4500.0,10,0.1
476,1533,2001,385,107,2760.0,6,0.08
477,1110,2010,437,119,4244.65,5,0.05
478,1549,2028,579,112,1396.37,10,0.06
479,1697,2026,209,114,13337.35,9,0.16
480,1495,2012,380,118,13766.52,9,0.1
481,1315,2037,353,113,4646.76,3,0.17
482,1676,2008,236,115,4867.2,3,0.02
483,1521,2026,347,118,15172.12,10,0.14
484,1054,2011,399,101,623.41,2,0.16
485,1483,2039,446,103,3117.35,2,0.05
486,1380,2006,624,102,574.09,7,0.19
487,1411,2040,672,117,5109.35,5,0.14
488,1612,2004,180,116,14304.8,8,0.0
489,1673,2034,293,107,955.73,1,0.16
490,1523,2034,716,108,11036.37,10,0.03
491,1037,2024,245,101,5666.09,3,0.02
492,1283,2050,410,112,12145.2,7,0.08
493,1206,2034,16,103,2025.23,2,0.11
494,1573,2038,357,112,5736.86,5,0.05
495,1200,2030,414,119,1395.21,1,0.05
496,1417,2033,110,118,541.6,2,0.1
497,1349,2008,526,109,12515.66,9,0.16
498,1589,2017,711,115,10087.24,7,0.11
499,1250,2049,348,115,12574.27,8,0.18
500,1029,2031,120,109,275.56,2,0.08
501,1226,2044,719,108,3652.58,6,0.08
502,1362,2034,549,101,5404.41,5,0.05
503,1096,2026,690,111,3140.28,2,0.11
504,1183,2031,322,112,491.21,4,0.18
505,1276,2012,700,107,11557.08,8,0.15
506,1241,2048,248,109,5198.17,4,0.05
507,1256,2040,365,105,2328.91,2,0.02
508,1081,2044,680,116,6617.0,10,0.0
509,1555,2003,494,112,940.0,10,0.06
510,1589,2018,503,106,11783.09,9,0.06
511,1228,2049,591,105,1705.96,1,0.11
512,1434,2031,554,102,1253.49,9,0.07
513,1179,2030,124,117,11044.17,8,0.06
514,1009,2001,691,107,3080.0,7,0.12
515,1334,2024,628,109,5145.73,3,0.11
516,1243,2018,483,120,7771.82,6,0.07
517,1511,2028,216,114,828.91,6,0.07
518,1411,2018,462,106,13510.16,10,0.03
519,1590,2044,235,104,2779.14,5,0.16
520,1569,2028,391,107,374.35,3,0.16
521,1154,2031,10,106,943.49,7,0.1
522,1646,2034,547,111,8556.03,8,0.06
523,1576,2037,49,113,3209.81,2,0.14
524,1062,2014,261,116,698.59,2,0.09
525,1343,2017,370,112,12969.31,9,0.11
526,1264,2023,21,114,276.54,2,0.07
527,1696,2039,204,119,14274.18,10,0.13
528,1552,2012,292,112,8871.76,6,0.13
529,1500,2050,458,103,11617.14,7,0.12
530,1475,2041,149,106,10685.56,6,0.08
531,1628,2037,415,103,3620.37,2,0.03
532,1234,2021,325,110,6746.52,5,0.12
533,1405,2018,456,112,12535.2,10,0.1
534,1462,2027,172,106,1004.55,1,0.03
535,1241,2043,258,103,4526.06,4,0.03
536,1106,2007,66,116,1587.85,9,0.01
537,1407,2034,86,104,5006.19,5,0.12
538,1087,2042,400,110,4074.55,4,0.05
539,1291,2029,642,105,2927.79,3,0.11
540,1175,2002,36,112,1494.0,6,0.17
541,1479,2035,279,118,7955.16,8,0.03
542,1553,2012,606,120,11829.01,8,0.13
543,1652,2037,446,117,15787.8,9,0.06
544,1356,2031,553,108,272.56,2,0.09
545,1375,2027,267,105,5178.1,5,0.0
546,1536,2049,140,112,8721.49,5,0.09
547,1009,2045,504,116,5142.75,5,0.0
548,1441,2019,612,108,850.54,1,0.11
549,1194,2027,575,114,6886.87,7,0.05
550,1662,2025,388,108,7536.64,5,0.02
551,1641,2016,530,120,4799.5,5,0.06
552,1545,2018,423,107,2674.18,2,0.04
553,1297,2008,653,115,15065.14,10,0.09
554,1638,2032,193,111,779.28,1,0.03
555,1548,2002,191,104,1425.0,5,0.05
556,1449,2047,9,108,3716.15,2,0.03
557,1506,2014,351,114,1612.13,5,0.16
558,1511,2024,475,102,11332.17,6,0.02
559,1150,2004,273,113,3182.82,2,0.11
560,1186,2013,257,113,1243.41,1,0.02
561,1255,2025,454,108,1476.57,1,0.04
562,1097,2034,682,107,8373.99,8,0.08
563,1320,2021,163,102,12419.73,9,0.1
564,1260,2031,654,110,557.11,4,0.07
565,1054,2043,224,104,4059.45,4,0.13
566,1333,2001,172,109,4900.0,10,0.02
567,1249,2001,44,119,3440.0,8,0.14
568,1159,2024,92,108,5203.55,3,0.1
569,1634,2022,641,102,268.7,1,0.07
570,1158,2045,550,104,2777.08,3,0.1
571,1325,2036,661,112,11000.56,8,0.15
572,1022,2045,387,112,2931.37,3,0.05
573,1041,2032,724,115,6796.59,9,0.06
574,1502,2013,581,106,10619.77,9,0.07
575,1480,2018,614,118,4136.62,3,0.01
576,1159,2029,303,109,9178.12,9,0.07
577,1001,2050,654,117,11221.11,7,0.15
578,1020,2040,373,120,4467.71,4,0.06
579,1065,2043,552,113,4199.44,4,0.1
580,1510,2050,565,105,17727.46,10,0.06
581,1420,2042,330,104,1930.05,2,0.1
582,1069,2003,133,106,96.0,1,0.04
583,1498,2013,102,102,11038.47,10,0.13
584,1398,2043,502,117,10031.99,10,0.14
585,1263,2004,376,108,15377.66,10,0.14
586,1014,2014,672,116,698.59,2,0.09
587,1655,2004,370,118,10514.03,7,0.16
588,1060,2040,273,117,1009.99,1,0.15
589,1312,2005,222,117,561.85,2,0.02
590,1237,2035,395,107,3649.53,4,0.11
591,1255,2037,641,106,14276.2,9,0.15
592,1426,2048,109,119,7140.65,6,0.13
593,1682,2028,107,106,396.63,3,0.11
594,1517,2022,674,106,2080.22,9,0.2
595,1454,2023,323,118,740.43,6,0.17
596,1423,2049,649,114,10120.76,6,0.12
597,1577,2035,220,113,7473.34,9,0.19
598,1261,2024,464,115,13490.68,7,0.0
599,1036,2019,611,101,8342.91,9,0.03
600,1310,2001,308,108,1660.0,4,0.17
601,1023,2050,707,109,15275.79,9,0.1
602,1585,2037,159,104,1698.21,1,0.09
603,1160,2009,272,112,8810.77,10,0.05
604,1263,2020,95,119,10777.28,7,0.11
605,1223,2047,80,111,14864.59,8,0.03
606,1591,2007,610,110,151.48,1,0.15
607,1591,2025,81,102,8582.54,6,0.07
608,1445,2027,124,108,8388.52,10,0.19
609,1650,2050,648,113,1772.75,1,0.06
610,1043,2021,553,119,4277.91,3,0.07
611,1227,2010,52,113,6076.55,8,0.15
612,1590,2033,93,108,1979.86,7,0.06
613,1404,2010,136,111,1608.5,2,0.1
614,1051,2036,409,109,2976.62,2,0.08
615,1445,2050,715,105,5091.93,3,0.1
616,1203,2032,405,119,2860.03,4,0.11
617,1537,2016,249,103,4288.91,5,0.16
618,1332,2044,590,103,1151.36,2,0.13
619,1434,2024,357,107,10754.0,6,0.07
620,1672,2002,313,106,1584.0,6,0.12
621,1453,2040,150,115,974.34,1,0.18
622,1240,2013,702,112,3235.41,3,0.15
623,1088,2008,56,108,13409.63,10,0.19
624,1295,2001,352,104,2275.0,5,0.09
625,1024,2022,215,118,1109.45,4,0.04
626,1536,2049,265,118,13494.34,8,0.12
627,1145,2045,716,101,6335.87,7,0.12
628,1680,2034,45,109,3379.18,3,0.01
629,1206,2045,633,109,935.98,1,0.09
630,1009,2005,398,109,1427.57,6,0.17
631,1020,2019,665,113,3058.11,4,0.2
632,1521,2046,102,111,7594.37,8,0.17
633,1545,2006,191,107,738.11,9,0.19
634,1575,2046,23,102,3751.43,4,0.18
635,1313,2022,502,113,866.76,3,0.0
636,1361,2023,641,110,475.78,4,0.2
637,1514,2018,64,109,7994.67,7,0.18
638,1031,2036,287,108,4513.47,3,0.07
639,1403,2043,141,103,7349.01,7,0.1
640,1695,2040,641,108,7901.66,7,0.05
641,1157,2028,320,120,811.08,6,0.09
642,1135,2014,669,105,3416.18,10,0.11
643,1208,2009,317,117,2531.94,3,0.09
644,1149,2042,579,106,6369.16,6,0.01
645,1546,2047,122,106,9539.39,6,0.17
646,1150,2047,31,111,10861.11,7,0.19
647,1311,2029,653,109,2763.31,3,0.16
648,1110,2009,190,101,8161.56,10,0.12
649,1621,2037,628,108,17728.62,10,0.05
650,1027,2023,82,116,401.44,3,0.1
651,1620,2031,730,112,372.9,3,0.17
652,1504,2031,141,106,569.09,4,0.05
653,1419,2049,16,109,12880.96,7,0.04
654,1688,2013,210,103,3083.16,3,0.19
655,1450,2040,502,111,7794.72,8,0.18
656,1438,2026,43,120,10620.48,7,0.14
657,1404,2040,586,120,9517.64,9,0.11
658,1040,2034,112,115,7554.79,8,0.17
659,1044,2016,532,118,5718.55,7,0.2
660,1041,2036,397,117,1553.02,1,0.04
661,1451,2026,312,110,13690.19,8,0.03
662,1302,2040,56,117,3243.84,3,0.09
663,1662,2029,93,117,2105.38,2,0.04
664,1600,2045,560,105,6623.86,7,0.08
665,1462,2002,184,115,2460.0,10,0.18
666,1207,2030,93,109,7578.18,6,0.14
667,1168,2046,127,103,1967.22,2,0.14
668,1650,2024,88,117,11467.08,7,0.15
669,1524,2040,164,113,9838.46,9,0.08
670,1175,2022,580,105,719.41,3,0.17
671,1184,2050,730,102,12409.22,7,0.06
672,1457,2019,642,106,1567.28,2,0.18
673,1208,2001,638,109,455.0,1,0.09
674,1511,2035,6,120,7791.14,8,0.05
675,1603,2043,488,115,7430.67,7,0.09
676,1616,2039,7,108,13880.41,9,0.06
677,1644,2036,213,102,4707.59,3,0.03
678,1669,2023,38,105,129.35,1,0.13
679,1618,2020,340,103,1695.3,1,0.02
680,1183,2011,689,110,3228.4,10,0.13
681,1610,2037,576,106,12689.96,8,0.15
682,1369,2003,96,110,558.0,6,0.07
683,1389,2005,438,118,538.92,2,0.06
684,1138,2008,712,109,8840.42,6,0.11
685,1538,2014,713,107,3800.02,10,0.01
686,1586,2047,645,117,3447.97,2,0.1
687,1620,2046,295,114,9492.96,10,0.17
688,1266,2034,589,120,5529.56,6,0.19
689,1630,2037,509,117,13436.42,8,0.1
690,1185,2040,239,110,4752.88,4,0.0
691,1025,2030,641,104,4934.63,4,0.16
692,1425,2027,47,111,5530.21,6,0.11
693,1653,2014,12,107,1823.24,5,0.05
694,1070,2020,308,117,14634.95,9,0.06
695,1007,2008,703,111,9138.42,6,0.08
696,1583,2040,30,106,4420.18,4,0.07
697,1347,2044,491,116,575.68,1,0.13
698,1494,2010,643,115,6594.84,9,0.18
699,1474,2027,58,117,4608.51,5,0.11
700,1695,2021,569,118,1471.97,1,0.04
701,1340,2023,68,105,617.02,5,0.17
702,1348,2025,642,118,4106.7,3,0.11
703,1399,2012,610,104,7308.15,5,0.14
704,1323,2046,33,109,7845.99,7,0.02
705,1244,2024,463,110,6860.97,4,0.11
706,1180,2008,384,102,5430.07,4,0.18
707,1455,2033,26,116,2626.77,9,0.03
708,1349,2031,537,110,871.6,6,0.03
709,1101,2034,693,105,3913.93,4,0.14
710,1471,2025,731,117,3076.18,2,0.0
711,1046,2044,609,103,3612.88,6,0.09
712,1048,2007,534,110,156.82,1,0.12
713,1320,2041,215,111,7433.43,4,0.04
714,1284,2035,327,115,1947.79,2,0.05
715,1162,2018,118,101,12395.92,10,0.11
716,1105,2014,556,112,3247.29,9,0.06
717,1145,2046,291,119,4437.67,4,0.03
718,1319,2040,347,118,9410.7,8,0.01
719,1030,2031,692,102,275.56,2,0.08
720,1089,2028,402,106,1218.11,10,0.18
721,1645,2045,717,115,9565.51,10,0.07
722,1341,2013,731,118,2055.44,2,0.19
723,1477,2037,135,103,14630.77,8,0.02
724,1318,2044,660,115,5028.92,8,0.05
725,1230,2010,632,109,4932.73,6,0.08
726,1682,2022,333,115,2288.25,8,0.01
727,1487,2008,360,116,10992.59,8,0.17
728,1290,2050,357,120,18293.23,10,0.03
729,1106,2026,110,111,13813.69,9,0.13
730,1310,2035,473,113,9431.38,10,0.08
731,1636,2016,562,106,7515.81,8,0.08
732,1349,2014,711,119,2256.98,7,0.16
733,1446,2037,351,118,7240.74,4,0.03
734,1686,2005,729,119,2247.41,8,0.02
735,1611,2030,334,118,2467.32,2,0.16
736,1181,2020,416,103,16953.02,10,0.02
737,1611,2050,389,111,13125.86,8,0.13
738,1063,2006,223,105,830.25,10,0.18
739,1652,2001,151,105,3560.0,8,0.11
740,1400,2040,592,115,4562.76,4,0.04
741,1325,2020,584,110,10414.0,7,0.14
742,1353,2006,597,101,810.0,10,0.2
743,1414,2009,302,102,4563.05,6,0.18
744,1055,2001,721,118,2940.0,6,0.02
745,1289,2002,241,114,2760.0,10,0.08
746,1326,2046,392,113,7285.56,7,0.09
747,1217,2043,178,116,3359.55,3,0.04
748,1394,2024,428,105,7708.96,5,0.2
749,1687,2009,138,101,1613.76,2,0.13
750,1148,2047,499,114,5631.69,3,0.02
751,1658,2027,467,120,6379.42,7,0.12
752,1466,2033,435,118,2214.55,8,0.08
753,1232,2012,435,120,1495.62,1,0.12
754,1243,2046,514,109,6484.95,7,0.19
755,1591,2024,35,102,17345.16,10,0.1
756,1378,2008,595,116,3211.69,2,0.03
757,1540,2049,287,115,16906.26,9,0.02
758,1625,2006,252,116,174.15,2,0.14
759,1553,2038,320,120,990.36,1,0.18
760,1548,2050,12,116,13578.48,8,0.1
761,1481,2037,340,114,9069.59,6,0.19
762,1302,2019,172,102,8123.11,10,0.15
763,1578,2017,63,116,15705.66,10,0.03
764,1053,2043,299,120,1096.52,1,0.06
765,1085,2009,518,103,4405.39,5,0.05
766,1631,2018,282,109,1183.88,1,0.15
767,1619,2012,606,105,12644.8,8,0.07
768,1180,2017,718,108,12435.0,8,0.04
769,1541,2003,352,103,264.0,3,0.12
770,1158,2032,423,113,2795.76,4,0.13
771,1653,2011,216,119,2204.22,6,0.01
772,1271,2049,119,102,5232.89,3,0.09
773,1488,2020,488,118,6366.03,4,0.08
774,1400,2031,269,105,1118.71,9,0.17
775,1013,2019,460,113,4644.51,6,0.19
776,1700,2003,100,118,486.0,6,0.19
777,1443,2040,668,109,6772.85,6,0.05
778,1101,2017,671,119,10313.92,7,0.09
779,1692,2048,248,119,4924.58,4,0.1
780,1694,2045,185,111,9256.95,9,0.0
781,1009,2005,13,114,510.25,2,0.11
782,1457,2023,225,110,713.66,5,0.04
783,1025,2040,95,102,10337.51,10,0.13
784,1223,2039,654,104,3215.79,2,0.02
785,1620,2009,385,119,2281.53,3,0.18
786,1189,2017,302,115,2817.3,2,0.13
787,1284,2050,438,111,9146.61,5,0.03
788,1076,2018,64,113,9067.13,7,0.07
789,1062,2017,272,106,12823.59,8,0.01
790,1206,2040,403,106,9315.64,8,0.02
791,1554,2050,442,107,16407.33,10,0.13
792,1453,2046,266,104,1132.29,1,0.01
793,1586,2047,257,115,1570.74,1,0.18
794,1153,2042,656,101,932.86,1,0.13
795,1273,2010,717,111,5567.19,7,0.11
796,1528,2046,503,116,7365.62,7,0.08
797,1072,2035,232,101,5812.6,7,0.19
798,1494,2008,581,118,9237.75,6,0.07
799,1311,2026,57,103,9420.83,6,0.11
800,1349,2006,471,110,388.8,4,0.04
801,1041,2025,677,107,6613.79,5,0.14
802,1110,2041,706,112,15176.59,8,0.02
803,1648,2029,195,105,1052.69,1,0.04
804,1608,2016,501,113,1715.57,2,0.16
805,1659,2020,512,118,11209.75,8,0.19
806,1017,2003,348,102,504.0,6,0.16
807,1044,2026,122,107,14448.8,9,0.09
808,1695,2035,153,119,3362.49,4,0.18
809,1038,2048,145,116,1244.83,1,0.09
810,1634,2003,249,105,97.0,1,0.03
811,1052,2020,100,115,16780.03,10,0.03
812,1606,2005,109,104,2018.09,8,0.12
813,1631,2015,65,107,1356.55,7,0.07
814,1695,2026,333,104,15701.38,10,0.11
815,1330,2014,47,119,1070.91,3,0.07
816,1124,2018,145,114,3593.42,3,0.14
817,1567,2011,450,108,3673.69,10,0.01
818,1103,2041,628,113,5807.37,3,0.0
819,1499,2006,7,101,246.04,3,0.19
820,1668,2038,291,114,8309.39,8,0.14
821,1212,2010,656,109,7318.67,9,0.09
822,1245,2012,626,102,16315.87,10,0.04
823,1512,2040,91,110,6558.97,6,0.08
824,1572,2016,197,104,7352.42,9,0.2
825,1634,2024,553,117,7015.15,4,0.09
826,1642,2043,214,109,1119.85,1,0.04
827,1153,2044,486,116,1925.55,3,0.03
828,1045,2004,661,112,8582.88,5,0.04
829,1258,2022,632,115,283.14,1,0.02
830,1054,2035,181,106,922.64,1,0.1
831,1119,2005,241,115,2522.61,10,0.12
832,1430,2013,694,111,4263.13,4,0.16
833,1334,2015,101,108,1210.69,7,0.17
834,1385,2015,76,116,1875.42,10,0.1
835,1447,2010,222,120,6862.92,8,0.04
836,1383,2009,469,107,4451.76,6,0.2
837,1208,2022,131,102,2860.31,10,0.01
838,1140,2008,477,115,11240.91,7,0.03
839,1352,2015,303,120,525.12,3,0.16
840,1654,2040,175,119,8876.0,9,0.17
841,1089,2027,535,116,3645.38,4,0.12
842,1474,2018,15,114,5292.64,4,0.05
843,1445,2038,228,119,2971.09,3,0.18
844,1006,2027,46,102,7042.22,8,0.15
845,1517,2003,436,117,630.0,7,0.1
846,1101,2029,508,108,1951.86,2,0.11
847,1013,2045,417,107,2869.65,3,0.07
848,1245,2042,93,101,7462.86,8,0.13
849,1166,2046,471,119,11437.3,10,0.0
850,1466,2030,142,113,3700.97,3,0.16
851,1380,2041,476,101,3561.85,2,0.08
852,1341,2034,34,110,6769.73,7,0.15
853,1628,2035,590,107,1804.26,2,0.12
854,1344,2048,57,117,6730.26,6,0.18
855,1114,2025,375,115,15227.09,10,0.01
856,1376,2012,664,118,3025.23,2,0.11
857,1210,2009,343,108,8180.11,9,0.02
858,1490,2048,595,107,5143.45,4,0.06
859,1274,2033,697,114,1489.41,5,0.01
860,1382,2023,464,116,1190.93,9,0.11
861,1126,2031,727,118,1105.23,9,0.18
862,1463,2040,377,103,3897.36,4,0.18
863,1469,2006,83,113,285.52,3,0.06
864,1079,2007,169,109,306.52,2,0.14
865,1509,2010,210,117,839.99,1,0.06
866,1699,2035,136,116,5658.83,6,0.08
867,1661,2002,299,107,600.0,2,0.0
868,1238,2034,661,111,7008.66,7,0.12
869,1672,2042,335,116,9328.58,10,0.13
870,1543,2036,456,115,7198.9,5,0.11
871,1314,2011,267,108,2760.84,8,0.07
872,1296,2050,49,105,10636.48,6,0.06
873,1171,2040,165,118,5703.46,5,0.04
874,1180,2046,710,105,3259.63,3,0.05
875,1043,2021,589,105,11653.08,8,0.05
876,1189,2014,576,102,1842.43,6,0.2
877,1152,2024,460,118,5145.73,3,0.11
878,1125,2002,415,116,729.0,3,0.19
879,1328,2010,5,118,7479.52,9,0.07
880,1303,2031,297,119,377.4,3,0.16
881,1453,2022,706,104,1895.32,8,0.18
882,1143,2044,565,104,3308.5,5,0.0
883,1633,2015,457,112,387.59,2,0.07
884,1623,2042,200,119,9264.24,9,0.04
885,1285,2013,24,103,9477.86,9,0.17
886,1694,2043,90,117,7838.95,7,0.04
887,1326,2039,620,117,1345.38,1,0.18
888,1370,2026,152,114,9738.38,6,0.08
889,1013,2019,354,112,3822.64,5,0.2
890,1575,2006,221,115,595.35,7,0.16
891,1296,2011,435,114,923.99,3,0.17
892,1613,2006,148,107,460.69,5,0.09
893,1538,2022,68,119,1981.99,7,0.02
894,1420,2041,280,114,5168.56,3,0.11
895,1582,2049,141,107,4772.86,3,0.17
896,1297,2036,503,102,6713.58,5,0.17
897,1312,2032,573,115,3181.38,4,0.01
898,1003,2010,269,110,7005.9,8,0.02
899,1682,2019,428,106,6269.13,8,0.18
900,1661,2016,30,104,4595.26,5,0.1
901,1069,2039,371,119,11681.86,8,0.11
902,1265,2041,703,116,3600.57,2,0.07
903,1590,2002,266,106,2970.0,10,0.01
904,1328,2030,710,105,8547.48,6,0.03
905,1280,2024,430,112,1811.61,1,0.06
906,1543,2041,79,117,6581.69,4,0.15
907,1188,2049,97,120,5117.88,3,0.11
908,1324,2044,309,109,3890.8,6,0.02
909,1594,2023,148,101,401.44,3,0.1
910,1382,2050,497,114,9278.63,6,0.18
911,1167,2007,224,105,1539.73,9,0.04
912,1193,2036,629,117,12521.23,9,0.14
913,1117,2027,472,103,1739.84,2,0.16
914,1018,2031,357,110,871.6,6,0.03
915,1453,2039,536,111,4233.03,3,0.14
916,1030,2048,122,108,3406.17,3,0.17
917,1146,2045,233,110,2962.22,3,0.04
918,1081,2028,708,104,297.1,2,0.0
919,1496,2049,442,102,7513.9,4,0.02
920,1676,2033,608,102,2358.98,8,0.02
921,1260,2003,68,110,85.0,1,0.15
922,1127,2039,211,119,6300.33,4,0.04
923,1360,2002,93,105,1215.0,5,0.19
924,1357,2023,165,117,1412.46,10,0.05
925,1584,2005,102,119,255.13,1,0.11
926,1197,2019,176,118,774.08,1,0.19
927,1102,2014,517,116,1980.61,6,0.14
928,1190,2029,690,104,2730.41,3,0.17
929,1389,2028,220,117,546.66,4,0.08
930,1322,2008,478,104,14452.6,9,0.03
931,1370,2046,296,118,1120.86,1,0.02
932,1506,2008,395,110,11654.79,8,0.12
933,1320,2044,455,108,5478.88,9,0.08
934,1439,2013,72,116,7308.23,6,0.04
935,1691,2032,689,104,5117.53,7,0.09
936,1675,2044,88,104,1826.29,3,0.08
937,1605,2007,173,103,855.41,6,0.2
938,1347,2013,610,113,2410.7,2,0.05
939,1435,2047,512,109,16856.75,10,0.12
940,1660,2026,365,116,14290.02,10,0.19
941,1497,2033,286,105,2358.98,8,0.02
942,1257,2032,510,108,2386.04,3,0.01
943,1055,2005,511,101,791.18,3,0.08
944,1696,2021,157,110,13493.04,10,0.12
945,1079,2043,533,116,8958.8,8,0.04
946,1678,2032,503,117,3575.04,5,0.11
947,1554,2035,19,102,5884.36,7,0.18
948,1122,2025,461,111,9797.63,7,0.09
949,1037,2003,182,118,410.0,5,0.18
950,1169,2032,442,105,3454.53,5,0.14
951,1500,2049,113,119,13341.0,8,0.13
952,1553,2037,482,116,13940.29,9,0.17
953,1519,2004,401,109,12588.22,8,0.12
954,1387,2040,693,112,5584.63,5,0.06
955,1029,2038,47,105,6739.3,6,0.07
956,1598,2002,641,111,2058.0,7,0.02
957,1354,2023,422,112,129.35,1,0.13
958,1254,2016,664,110,10007.47,10,0.02
959,1068,2020,118,111,5189.7,3,0.0
960,1334,2003,472,114,900.0,10,0.1
961,1432,2018,21,116,13928.0,10,0.0
962,1325,2025,585,113,8213.4,6,0.11
963,1501,2007,708,107,962.33,6,0.1
964,1684,2022,171,120,1343.48,5,0.07
965,1447,2013,509,103,10962.35,9,0.04
966,1272,2004,305,119,10514.03,7,0.16
967,1640,2048,95,119,2407.57,2,0.12
968,1280,2005,581,117,2086.88,8,0.09
969,1356,2005,668,110,2167.15,9,0.16
970,1444,2043,553,111,4292.76,4,0.08
971,1258,2040,528,115,10266.22,9,0.04
972,1020,2041,721,117,5110.49,3,0.12
973,1219,2043,479,109,8818.82,9,0.16
974,1445,2037,642,102,16123.71,9,0.04
975,1474,2010,247,105,3708.48,5,0.17
976,1421,2021,66,107,10196.44,7,0.05
977,1294,2042,165,109,10186.38,10,0.05
978,1245,2008,154,107,1572.73,1,0.05
979,1318,2030,498,118,9458.04,7,0.08
980,1038,2013,164,109,3768.31,3,0.01
981,1285,2043,564,106,944.87,1,0.19
982,1498,2002,57,103,1584.0,6,0.12
983,1066,2027,373,103,5871.97,7,0.19
984,1144,2016,115,119,7444.33,9,0.19
985,1535,2043,595,117,5249.3,5,0.1
986,1093,2016,615,104,5698.13,6,0.07
987,1599,2048,400,108,9192.56,7,0.04
988,1110,2012,220,109,12508.84,8,0.08
989,1604,2004,503,118,9226.6,6,0.14
990,1116,2021,559,114,10549.1,8,0.14
991,1285,2010,372,116,4503.79,6,0.16
992,1022,2042,621,102,922.13,1,0.14
993,1688,2016,260,118,6719.3,7,0.06
994,1372,2044,125,118,2196.84,4,0.17
995,1398,2001,403,109,2450.0,5,0.02
996,1242,2020,216,106,12040.1,8,0.13
997,1660,2027,35,109,1739.84,2,0.16
998,1504,2031,423,111,859.62,7,0.18
999,1103,2011,716,109,3306.32,9,0.01
1000,1431,2039,561,111,11288.08,8,0.14
